threads,increments,mode,run,expected,static,nonstatic,absdiff,pct
1,1000,true,1,1000,1000,1000,0.0000,0.0000
1,1000,false,1,1000,1000,1000,0.0000,0.0000
1,1000,false,2,1000,1000,1000,0.0000,0.0000
1,1000,false,3,1000,1000,1000,0.0000,0.0000
1,1000,false,4,1000,1000,1000,0.0000,0.0000
1,1000,false,5,1000,1000,1000,0.0000,0.0000
2,10000,true,1,20000,20000,20000,0.0000,0.0000
2,10000,false,1,20000,17396,20000,13.0200,13.0200
2,10000,false,2,20000,20000,20000,0.0000,0.0000
2,10000,false,3,20000,17048,20000,14.7600,14.7600
2,10000,false,4,20000,12222,20000,38.8900,38.8900
2,10000,false,5,20000,11994,20000,40.0300,40.0300
5,10000,true,1,50000,50000,50000,0.0000,0.0000
5,10000,false,1,50000,50000,50000,0.0000,0.0000
5,10000,false,2,50000,49186,50000,1.6280,1.6280
5,10000,false,3,50000,47073,50000,5.8540,5.8540
5,10000,false,4,50000,38200,50000,23.6000,23.6000
5,10000,false,5,50000,29366,50000,41.2680,41.2680
10,50000,true,1,500000,500000,500000,0.0000,0.0000
10,50000,false,1,500000,449772,500000,10.0456,10.0456
10,50000,false,2,500000,287895,500000,42.4210,42.4210
10,50000,false,3,500000,408305,500000,18.3390,18.3390
10,50000,false,4,500000,448830,500000,10.2340,10.2340
10,50000,false,5,500000,480447,500000,3.9106,3.9106
20,50000,true,1,1000000,1000000,1000000,0.0000,0.0000
20,50000,false,1,1000000,758148,1000000,24.1852,24.1852
20,50000,false,2,1000000,895347,1000000,10.4653,10.4653
20,50000,false,3,1000000,571466,1000000,42.8534,42.8534
20,50000,false,4,1000000,880378,1000000,11.9622,11.9622
20,50000,false,5,1000000,824859,1000000,17.5141,17.5141
50,50000,true,1,2500000,2500000,2500000,0.0000,0.0000
50,50000,false,1,2500000,2446391,2500000,2.1444,2.1444
50,50000,false,2,2500000,2470757,2500000,1.1697,1.1697
50,50000,false,3,2500000,2481163,2500000,0.7535,0.7535
50,50000,false,4,2500000,2470952,2500000,1.1619,1.1619
50,50000,false,5,2500000,2469600,2500000,1.2160,1.2160
100,50000,true,1,5000000,5000000,5000000,0.0000,0.0000
100,50000,false,1,5000000,4366043,5000000,12.6791,12.6791
100,50000,false,2,5000000,4550702,5000000,8.9860,8.9860
100,50000,false,3,5000000,4992151,5000000,0.1570,0.1570
100,50000,false,4,5000000,4924798,5000000,1.5040,1.5040
100,50000,false,5,5000000,4544801,5000000,9.1040,9.1040
